<application>
  <component name="FileTypeManager" version="18">
    <extensionMap>
      <mapping pattern="content_aggregation_v2_content_view_models_content_info_tiles.json" type="AUTO_DETECTED" />
      <mapping pattern="search_stress_result.json" type="AUTO_DETECTED" />
      <mapping ext="config" type="HOCON" />
      <mapping pattern="search_stress_result" type="JSON" />
      <mapping ext="gradle.kts" type="Kotlin" />
      <mapping ext="main.kts" type="Kotlin" />
      <removed_mapping ext="apk" approved="true" type="ARCHIVE" />
      <removed_mapping ext="psd" approved="true" type="Image" />
    </extensionMap>
  </component>
</application>