<application>
  <component name="GeneralSettings">
    <option name="confirmExit" value="false" />
    <option name="processCloseConfirmation" value="TERMINATE" />
    <option name="showTipsOnStartup" value="false" />
  </component>
  <component name="Registry">
    <entry key="external.system.auto.import.disabled" value="true" />
    <entry key="ide.suppress.double.click.handler" value="true" />
    <entry key="async.project.view.collapse.tree.path.recursively" value="false" />
    <entry key="ide.tree.collapse.recursively" value="false" />
  </component>
</application>