<application>
  <component name="AppStorage">
    <histories>
      <item value="billingClient.queryPurchasesAsync(BillingClient.SkuType.SUBS, this)" />
      <item value="is Eligible" />
      <item value="onboarding feedback survey" />
      <item value="onboarding" />
      <item value="const val RECOMMENDATION_SOURCE = &quot;onboarding feedback survey&quot;" />
    </histories>
    <option name="languageScores">
      <map>
        <entry key="ENGLISH" value="7" />
        <entry key="RUSSIAN" value="5" />
      </map>
    </option>
  </component>
  <component name="Cache">
    <option name="lastTrimTime" value="1650262622539" />
  </component>
  <component name="Settings">
    <option name="googleTranslateSettings">
      <google-translate>
        <option name="primaryLanguage" value="RUSSIAN" />
      </google-translate>
    </option>
    <option name="translateDocumentation" value="true" />
  </component>
</application>