<keymap version="1" name="KDE copy" parent="Default for KDE">
  <action id="ActivateAndroidEmulatorToolWindow">
    <keyboard-shortcut first-keystroke="alt 6" />
  </action>
  <action id="ActivateBuildToolWindow">
    <keyboard-shortcut first-keystroke="alt 7" />
  </action>
  <action id="ActivateCommitToolWindow">
    <keyboard-shortcut first-keystroke="alt 2" />
  </action>
  <action id="ActivateDebugToolWindow">
    <keyboard-shortcut first-keystroke="alt 4" />
  </action>
  <action id="ActivateDeviceFileExplorerToolWindow">
    <keyboard-shortcut first-keystroke="alt 0" />
  </action>
  <action id="ActivateFavoritesToolWindow" />
  <action id="ActivateFindToolWindow" />
  <action id="ActivateLogcatToolWindow">
    <keyboard-shortcut first-keystroke="alt 8" />
  </action>
  <action id="ActivateProblemsViewToolWindow" />
  <action id="ActivateRunToolWindow">
    <keyboard-shortcut first-keystroke="alt 3" />
  </action>
  <action id="ActivateServicesToolWindow" />
  <action id="ActivateStructureToolWindow">
    <keyboard-shortcut first-keystroke="alt 5" />
  </action>
  <action id="Android.SyncProject">
    <keyboard-shortcut first-keystroke="ctrl alt b" />
  </action>
  <action id="CIDR.Lang.IntroduceParameter" />
  <action id="ChangesView.GroupBy.Directory" />
  <action id="CloseActiveTab" />
  <action id="CloseAllEditors">
    <keyboard-shortcut first-keystroke="shift ctrl 1" />
  </action>
  <action id="CloseAllEditorsButActive">
    <keyboard-shortcut first-keystroke="shift ctrl 2" />
  </action>
  <action id="CloseAllToTheLeft">
    <keyboard-shortcut first-keystroke="shift ctrl 3" />
  </action>
  <action id="CloseAllToTheRight">
    <keyboard-shortcut first-keystroke="shift ctrl 4" />
  </action>
  <action id="CloseContent">
    <keyboard-shortcut first-keystroke="alt w" />
  </action>
  <action id="CompileDirty">
    <keyboard-shortcut first-keystroke="alt b" />
  </action>
  <action id="Debug">
    <keyboard-shortcut first-keystroke="alt d" />
  </action>
  <action id="DeviceAndSnapshotComboBox">
    <keyboard-shortcut first-keystroke="shift ctrl f11" />
  </action>
  <action id="EditorDeleteLine">
    <keyboard-shortcut first-keystroke="alt y" />
  </action>
  <action id="EditorDuplicate">
    <keyboard-shortcut first-keystroke="alt c" />
  </action>
  <action id="EditorPasteFromX11" />
  <action id="ExportToTextFile" />
  <action id="Find">
    <keyboard-shortcut first-keystroke="alt f" />
  </action>
  <action id="FindPrevious">
    <keyboard-shortcut first-keystroke="shift f3" />
  </action>
  <action id="GotoAction">
    <keyboard-shortcut first-keystroke="shift ctrl a" />
  </action>
  <action id="GotoImplementation">
    <mouse-shortcut keystroke="control alt button1" />
  </action>
  <action id="ImplementMethods">
    <keyboard-shortcut first-keystroke="alt i" />
  </action>
  <action id="IntroduceParameter" />
  <action id="Kotlin.NewFile">
    <keyboard-shortcut first-keystroke="ctrl alt 1" />
  </action>
  <action id="NewAndroidVectorAsset">
    <keyboard-shortcut first-keystroke="ctrl alt v" />
  </action>
  <action id="NewClass">
    <keyboard-shortcut first-keystroke="ctrl alt 2" />
  </action>
  <action id="NewDir">
    <keyboard-shortcut first-keystroke="ctrl alt 3" />
  </action>
  <action id="NextTab">
    <keyboard-shortcut first-keystroke="alt l" />
  </action>
  <action id="OverrideMethods">
    <keyboard-shortcut first-keystroke="alt o" />
  </action>
  <action id="PreviousTab">
    <keyboard-shortcut first-keystroke="alt h" />
  </action>
  <action id="ReformatCode">
    <keyboard-shortcut first-keystroke="ctrl alt l" />
  </action>
  <action id="Run">
    <keyboard-shortcut first-keystroke="alt r" />
  </action>
  <action id="ServiceView.GroupByServiceGroups" />
  <action id="ShowProjectStructureSettings">
    <keyboard-shortcut first-keystroke="ctrl alt comma" />
  </action>
  <action id="Stop">
    <keyboard-shortcut first-keystroke="alt e" />
  </action>
  <action id="TodoViewGroupByShowPackages" />
  <action id="UpdateRunningApplication" />
  <action id="UsageGrouping.Directory" />
  <action id="UsageGrouping.Package" />
  <action id="WelcomeScreen.Settings">
    <keyboard-shortcut first-keystroke="alt comma" />
  </action>
  <action id="android.deploy.ApplyChanges">
    <keyboard-shortcut first-keystroke="ctrl f10" />
  </action>
  <action id="android.deploy.CodeSwap">
    <keyboard-shortcut first-keystroke="ctrl alt f10" />
  </action>
  <action id="com.developerphil.adbidea.action.RevokePermissionsAction">
    <keyboard-shortcut first-keystroke="alt p" />
  </action>
  <action id="com.developerphil.adbidea.action.RevokePermissionsAndRestartAction">
    <keyboard-shortcut first-keystroke="ctrl alt p" />
  </action>
</keymap>