<keymap version="1" name="Windows copy" parent="$default">
  <action id="ActivateBookmarksToolWindow" />
  <action id="ActivateBuildToolWindow">
    <keyboard-shortcut first-keystroke="alt 4" />
  </action>
  <action id="ActivateCommitToolWindow">
    <keyboard-shortcut first-keystroke="alt 2" />
  </action>
  <action id="ActivateDebugToolWindow">
    <keyboard-shortcut first-keystroke="alt 9" />
  </action>
  <action id="ActivateFavoritesToolWindow" />
  <action id="ActivateFindToolWindow" />
  <action id="ActivateLogcatToolWindow">
    <keyboard-shortcut first-keystroke="alt 8" />
  </action>
  <action id="ActivateRunToolWindow">
    <keyboard-shortcut first-keystroke="alt 3" />
  </action>
  <action id="ActivateServicesToolWindow" />
  <action id="ActivateStructureToolWindow">
    <keyboard-shortcut first-keystroke="alt 5" />
  </action>
  <action id="ActivateTerminalToolWindow">
    <keyboard-shortcut first-keystroke="alt 0" />
  </action>
  <action id="ActivateVersionControlToolWindow">
    <keyboard-shortcut first-keystroke="alt 7" />
  </action>
  <action id="Android.SyncProject">
    <keyboard-shortcut first-keystroke="ctrl alt g" />
  </action>
  <action id="AndroidLogConsole.ClearLogCatAction">
    <keyboard-shortcut first-keystroke="ctrl alt l" />
  </action>
  <action id="Back">
    <keyboard-shortcut first-keystroke="ctrl alt left" />
  </action>
  <action id="CIDR.Lang.ImportsHierarchy" />
  <action id="CallHierarchy" />
  <action id="ChangesView.UnshelveSilently" />
  <action id="ChooseRunConfiguration">
    <keyboard-shortcut first-keystroke="shift alt f10" />
    <keyboard-shortcut first-keystroke="shift ctrl alt r" />
  </action>
  <action id="CloseActiveTab" />
  <action id="CloseAllEditors">
    <keyboard-shortcut first-keystroke="shift ctrl 1" />
  </action>
  <action id="CloseAllEditorsButActive">
    <keyboard-shortcut first-keystroke="shift ctrl 2" />
  </action>
  <action id="CloseContent">
    <keyboard-shortcut first-keystroke="ctrl f4" />
    <keyboard-shortcut first-keystroke="alt w" />
  </action>
  <action id="CompileDirty">
    <keyboard-shortcut first-keystroke="ctrl f9" />
    <keyboard-shortcut first-keystroke="alt b" />
  </action>
  <action id="Debug">
    <keyboard-shortcut first-keystroke="alt d" />
  </action>
  <action id="Editor Copy">
    <keyboard-shortcut first-keystroke="ctrl c" />
  </action>
  <action id="EditorDuplicate">
    <keyboard-shortcut first-keystroke="alt c" />
  </action>
  <action id="EditorReverseLines">
    <keyboard-shortcut first-keystroke="alt z" />
  </action>
  <action id="EditorSortLines">
    <keyboard-shortcut first-keystroke="alt y" />
  </action>
  <action id="EditorToggleInsertState" />
  <action id="EmmetNextEditPoint" />
  <action id="EmmetPreviousEditPoint" />
  <action id="ExportToTextFile" />
  <action id="ForceRefresh">
    <keyboard-shortcut first-keystroke="alt g" />
  </action>
  <action id="Forward">
    <keyboard-shortcut first-keystroke="ctrl alt right" />
  </action>
  <action id="Generate">
    <keyboard-shortcut first-keystroke="alt insert" />
    <keyboard-shortcut first-keystroke="shift alt n" />
  </action>
  <action id="GotoBookmark7" />
  <action id="GotoBookmark8" />
  <action id="GotoBookmark9" />
  <action id="GotoCustomRegion" />
  <action id="GotoLine" />
  <action id="GotoNextElementUnderCaretUsage">
    <keyboard-shortcut first-keystroke="alt v" />
  </action>
  <action id="GotoPrevElementUnderCaretUsage">
    <keyboard-shortcut first-keystroke="shift alt v" />
  </action>
  <action id="GotoSymbol" />
  <action id="ImplementMethods">
    <keyboard-shortcut first-keystroke="alt i" />
  </action>
  <action id="InvalidateCaches">
    <keyboard-shortcut first-keystroke="ctrl alt r" />
  </action>
  <action id="Kotlin.NewFile">
    <keyboard-shortcut first-keystroke="ctrl alt 1" />
  </action>
  <action id="MoveTabRight">
    <keyboard-shortcut first-keystroke="alt quote" />
  </action>
  <action id="Mvc.RunTarget" />
  <action id="NewAndroidVectorAsset">
    <keyboard-shortcut first-keystroke="ctrl alt 4" />
  </action>
  <action id="NewClass">
    <keyboard-shortcut first-keystroke="ctrl alt 2" />
  </action>
  <action id="NewDir">
    <keyboard-shortcut first-keystroke="ctrl alt 3" />
  </action>
  <action id="NextSplitter">
    <keyboard-shortcut first-keystroke="alt u" />
  </action>
  <action id="NextTab">
    <keyboard-shortcut first-keystroke="alt right" />
    <keyboard-shortcut first-keystroke="alt l" />
  </action>
  <action id="OverrideMethods">
    <keyboard-shortcut first-keystroke="alt o" />
  </action>
  <action id="PrevSplitter">
    <keyboard-shortcut first-keystroke="ctrl alt u" />
  </action>
  <action id="PreviousTab">
    <keyboard-shortcut first-keystroke="alt left" />
    <keyboard-shortcut first-keystroke="alt h" />
  </action>
  <action id="QuickTypeDefinition">
    <keyboard-shortcut first-keystroke="alt x" />
  </action>
  <action id="RenameElement">
    <keyboard-shortcut first-keystroke="shift f6" />
    <keyboard-shortcut first-keystroke="alt semicolon" />
  </action>
  <action id="Run">
    <keyboard-shortcut first-keystroke="alt r" />
  </action>
  <action id="Scala.ShowImplicits">
    <keyboard-shortcut first-keystroke="shift ctrl alt equals" />
    <keyboard-shortcut first-keystroke="shift ctrl alt add" />
  </action>
  <action id="ShowErrorDescription">
    <keyboard-shortcut first-keystroke="ctrl g" />
  </action>
  <action id="ShowNavBar" />
  <action id="ShowProjectStructureSettings">
    <keyboard-shortcut first-keystroke="ctrl alt comma" />
  </action>
  <action id="ShowSettings">
    <keyboard-shortcut first-keystroke="alt comma" />
  </action>
  <action id="Stop">
    <keyboard-shortcut first-keystroke="ctrl f2" />
    <keyboard-shortcut first-keystroke="alt k" />
  </action>
  <action id="Terminal.CopySelectedText">
    <keyboard-shortcut first-keystroke="ctrl insert" />
  </action>
  <action id="Terminal.NextSplitter" />
  <action id="ToggleBookmark1" />
  <action id="ToggleBookmark2" />
  <action id="ToggleDistractionFreeMode">
    <keyboard-shortcut first-keystroke="ctrl alt numpad3" />
  </action>
  <action id="ToggleFieldBreakpoint">
    <keyboard-shortcut first-keystroke="ctrl 7" />
  </action>
  <action id="ToggleFullScreen">
    <keyboard-shortcut first-keystroke="ctrl alt numpad2" />
  </action>
  <action id="ToggleLineBreakpoint">
    <keyboard-shortcut first-keystroke="ctrl 8" />
  </action>
  <action id="ToggleMethodBreakpoint">
    <keyboard-shortcut first-keystroke="ctrl 9" />
  </action>
  <action id="TogglePresentationMode">
    <keyboard-shortcut first-keystroke="ctrl alt numpad1" />
  </action>
  <action id="UpdateRunningApplication" />
  <action id="android.deploy.ApplyChanges">
    <keyboard-shortcut first-keystroke="ctrl f10" />
  </action>
  <action id="android.deploy.CodeSwap">
    <keyboard-shortcut first-keystroke="ctrl alt f10" />
  </action>
  <action id="context.save" />
  <action id="tasks.goto" />
</keymap>